"1","1","Warner Bros.","17.4%","1628.1","25","16","2013"
"2","2","Universal","14.7%","1372.3","17","14","2013"
"3","3","Buena Vista","14.2%","1324.6","14","7","2013"
"4","4","Sony / Columbia","11.4%","1067.6","19","14","2013"
"5","5","20th Century Fox","10.6%","989.9","17","12","2013"
"6","6","Paramount","8.8%","819.6","14","8","2013"
"7","7","Lionsgate","6.6%","621.7","24","19","2013"
"8","8","Weinstein Company","5.0%","468.2","18","13","2013"
"9","9","Relativity","2.3%","218.6","8","8","2013"
"10","10","FilmDistrict","2.3%","212.4","6","4","2013"
"11","11","Open Road Films","1.3%","123.2","6","5","2013"
"12","12","Fox Searchlight","1.0%","95.6","10","7","2013"
"13","13","Focus Features","1.0%","88.9","10","6","2013"
"14","14","CBS Films","0.7%","69.5","4","4","2013"
"15","15","Sony Classics","0.7%","68.8","19","14","2013"
"16","16","Roadside Attractions","0.5%","43.4","12","10","2013"
"17","17","A24","0.3%","27.9","5","5","2013"
"18","18","Eros","0.1%","11.7","15","14","2013"
"19","19","UTV Communications","0.1%","9.6","10","10","2013"
"20","20","IFC","0.1%","9.4","34","31","2013"
"21","21","Radius-TWC","0.1%","7.4","8","8","2013"
"22","22","Magnolia","0.1%","7.1","34","32","2013"
"23","23","Samuel Goldwyn","0.1%","6.6","7","5","2013"
"24","24","High Top Releasing","0.0%","3.8","5","5","2013"
"25","25","Picturehouse","0.0%","3.4","1","1","2013"
"26","26","Millennium Ent.","0.0%","3.3","8","8","2013"
"27","27","Cohen Media Group","0.0%","2.9","9","8","2013"
"28","28","Imax","0.0%","2.3","3","0","2013"
"29","29","Reliance Big Pictures","0.0%","2.3","3","2","2013"
"30","30","National Geographic Entertainment","0.0%","2.3","3","1","2013"
"31","31","Shorts International","0.0%","2.1","1","1","2013"
"32","32","Music Box Films","0.0%","1.7","9","7","2013"
"33","33","Gathr Films","0.0%","1.6","1","1","2013"
"34","34","Cinedigm Entertainment","0.0%","1.4","11","9","2013"
"35","35","LD Entertainment","0.0%","1.4","1","1","2013"
"36","36","Entertainment One","0.0%","1.4","8","7","2013"
"37","37","Anchor Bay Films","0.0%","1.3","14","14","2013"
"38","38","Zeitgeist","0.0%","1.3","7","6","2013"
"39","39","Purdie Distribution","0.0%","1.3","1","1","2013"
"40","40","Arenas Entertainment","0.0%","1.1","1","1","2013"
"41","41","GKIDS","0.0%","1.0","4","3","2013"
"42","42","RCR Distribution","0.0%","1.0","1","1","2013"
"43","43","Exclusive Media","0.0%","973k","2","2","2013"
"44","44","First Run","0.0%","961k","21","19","2013"
"45","45","Freestyle Releasing","0.0%","953k","8","8","2013"
"46","46","Adopt Films","0.0%","939k","3","1","2013"
"47","47","Kino Lorber","0.0%","855k","30","16","2013"
"48","48","International Film Circuit","0.0%","835k","6","5","2013"
"49","49","Variance Films","0.0%","823k","10","10","2013"
"50","50","The Vladar Company","0.0%","804k","1","1","2013"
"51","51","Well Go USA","0.0%","794k","7","7","2013"
"52","52","Cinema Guild","0.0%","727k","12","6","2013"
"53","53","Callbox LLC","0.0%","689k","1","0","2013"
"54","54","Drafthouse","0.0%","685k","6","6","2013"
"55","55","Submarine Deluxe","0.0%","601k","4","3","2013"
"56","56","Methinx Entertainment","0.0%","550k","1","1","2013"
"57","57","Pan Media & Entertainment","0.0%","516k","1","1","2013"
"58","58","Paramount Vantage","0.0%","498k","1","0","2013"
"59","59","Oscilloscope Pictures","0.0%","453k","10","7","2013"
"60","60","erbp Film","0.0%","444k","1","1","2013"
"61","61","The Film Arcade","0.0%","440k","4","4","2013"
"62","62","Ketchup Entertainment","0.0%","352k","3","3","2013"
"63","63","E1 Entertainment","0.0%","340k","1","1","2013"
"64","64","Tribeca Film","0.0%","329k","17","15","2013"
"65","65","Strand","0.0%","309k","14","10","2013"
"66","66","Indomina Media","0.0%","280k","2","1","2013"
"67","67","Paladin/108 Media","0.0%","277k","3","3","2013"
"68","68","Rialto","0.0%","264k","13","9","2013"
"69","69","Main Street Films","0.0%","240k","1","1","2013"
"70","70","Abramorama","0.0%","208k","4","3","2013"
"71","71","Producers Distribution Agency","0.0%","196k","2","1","2013"
"72","72","Codeblack Entertainment","0.0%","194k","1","1","2013"
"73","73","The Film Collective","0.0%","190k","2","2","2013"
"74","74","CJ Entertainment","0.0%","175k","4","2","2013"
"75","75","Xlrator Media","0.0%","157k","2","2","2013"
"76","76","Alive Mind Cinema","0.0%","156k","3","1","2013"
"77","77","China Lion","0.0%","153k","6","5","2013"
"78","78","Rocky Mountain Pictures","0.0%","152k","1","1","2013"
"79","79","EchoLight Studios","0.0%","151k","2","2","2013"
"80","80","AMC Theaters","0.0%","145k","2","2","2013"
"81","81","Excel","0.0%","125k","1","1","2013"
"82","82","Paladin/Film Buff","0.0%","120k","1","1","2013"
"83","83","Gabriel's Messenger Films","0.0%","104k","1","1","2013"
"84","84","MPI Media Group","0.0%","102k","1","1","2013"
"85","85","Janson Media","0.0%","100k","1","1","2013"
"86","86","Rada Film Group","0.0%","95.8k","1","1","2013"
"87","87","Waking Giants","0.0%","90.1k","1","1","2013"
"88","88","Distrib Films","0.0%","86.7k","3","3","2013"
"89","89","Monterey Media, Inc.","0.0%","84.8k","4","4","2013"
"90","90","Image Entertainment","0.0%","80.6k","1","1","2013"
"91","91","Prabhudheva","0.0%","80.1k","1","1","2013"
"92","92","Onyx Films","0.0%","79.6k","1","0","2013"
"93","93","Liberty Street Films","0.0%","77.6k","1","1","2013"
"94","94","Area23a","0.0%","68.3k","5","4","2013"
"95","95","Snagfilms","0.0%","63.4k","1","0","2013"
"96","96","Screen Media","0.0%","55.3k","1","1","2013"
"97","97","River Rain","0.0%","54.5k","1","1","2013"
"98","98","Armando Montelongo Productions","0.0%","54.2k","1","1","2013"
"99","99","Noujaim Films","0.0%","53.0k","1","1","2013"
"100","100","Indican","0.0%","52.8k","5","3","2013"
"101","101","APD/Cinema Conservancy","0.0%","51.3k","4","3","2013"
"102","102","Film Movement","0.0%","51.2k","6","5","2013"
"103","103","The Film Collaborative","0.0%","50.9k","2","2","2013"
"104","104","Brainstorm Media","0.0%","48.8k","2","2","2013"
"105","105","Eleven Arts","0.0%","47.5k","1","0","2013"
"106","106","Le Petit Canyon","0.0%","46.4k","1","1","2013"
"107","107","Lambert Releasing","0.0%","45.0k","1","1","2013"
"108","108","Rockstone Releasing","0.0%","41.5k","1","1","2013"
"109","109","Page 124 Productions","0.0%","41.1k","1","0","2013"
"110","110","House Lights Media","0.0%","40.6k","1","1","2013"
"111","111","Icarus Films","0.0%","39.5k","1","1","2013"
"112","112","Fine Line Media","0.0%","37.7k","1","1","2013"
"113","113","Drive-in Doc LLC","0.0%","36.8k","1","1","2013"
"114","114","The Film Desk","0.0%","34.2k","11","2","2013"
"115","115","Active Fox Productions","0.0%","33.0k","2","2","2013"
"116","116","Vitagraph","0.0%","31.8k","1","1","2013"
"117","117","Wolfe Releasing","0.0%","31.7k","1","1","2013"
"118","118","Long Shot Factory","0.0%","30.9k","1","0","2013"
"119","119","Cinipix","0.0%","29.9k","1","1","2013"
"120","120","FilmBuff","0.0%","27.6k","1","1","2013"
"121","121","Breaking Glass Pictures","0.0%","27.0k","1","1","2013"
"122","122","Doppelganger Releasing","0.0%","27.0k","3","3","2013"
"123","123","Steelyard Pictures","0.0%","25.0k","1","1","2013"
"124","124","Driving With Our Eyes Shut","0.0%","24.6k","4","2","2013"
"125","125","Janus Films","0.0%","23.4k","1","1","2013"
"126","126","GoGoGo Entertainment","0.0%","19.9k","1","1","2013"
"127","127","Striped Entertainment","0.0%","19.6k","3","3","2013"
"128","128","NoCoast Artists","0.0%","19.5k","1","1","2013"
"129","129","AFFRM","0.0%","18.3k","2","2","2013"
"130","130","Dada Films","0.0%","17.7k","1","1","2013"
"131","131","Ghosts Media, Inc.","0.0%","17.6k","1","1","2013"
"132","132","Argot Pictures","0.0%","16.4k","4","3","2013"
"133","133","Leisure Time","0.0%","16.2k","1","1","2013"
"134","134","Follow Your Nose Films","0.0%","15.9k","1","1","2013"
"135","135","Loki Films","0.0%","14.4k","1","0","2013"
"136","136","ATO Pictures","0.0%","13.5k","1","1","2013"
"137","137","Archstone","0.0%","13.3k","2","2","2013"
"138","138","Zipporah Films","0.0%","11.3k","1","1","2013"
"139","139","Leave It Better","0.0%","10.7k","1","1","2013"
"140","140","Starz Media","0.0%","10.0k","1","1","2013"
"141","141","Bonfire Films of America","0.0%","9.6k","1","1","2013"
"142","142","Vanguardia Films","0.0%","9.3k","1","1","2013"
"143","143","The Happy Sad LLC","0.0%","8.4k","1","1","2013"
"144","144","Gold Cap Films","0.0%","7.4k","1","1","2013"
"145","145","KimStim","0.0%","6.9k","1","1","2013"
"146","146","Unknown","0.0%","6.5k","2","2","2013"
"147","147","Paladin","0.0%","5.8k","1","1","2013"
"148","148","Cinema Purgatorio","0.0%","3.3k","1","1","2013"
"149","149","IM Global/Blumhouse","0.0%","3.1k","1","1","2013"
"150","150","Cinema Libre","0.0%","3.0k","1","1","2013"
"151","151","Reactor 88 Studios","0.0%","2.2k","1","1","2013"
"152","152","Palisades Tartan","0.0%","1.6k","1","0","2013"
"153","153","Blue Llama","0.0%","1.1k","1","1","2013"
"154","154","AfterLight","0.0%","1.0k","1","1","2013"
"155","1","Sony / Columbia","16.6%","1792.2","25","19","2012"
"156","2","Warner Bros.","15.4%","1665.4","36","24","2012"
"157","3","Buena Vista","14.3%","1551.4","18","13","2012"
"158","4","Universal","12.2%","1323.9","17","16","2012"
"159","5","Lionsgate","11.4%","1239.1","22","22","2012"
"160","6","20th Century Fox","9.5%","1025.4","19","15","2012"
"161","7","Paramount","8.4%","914.4","21","14","2012"
"162","8","Weinstein Company","2.4%","258.2","18","15","2012"
"163","9","Relativity","1.9%","202.4","6","5","2012"
"164","10","Focus Features","1.3%","144.6","10","8","2012"
"165","11","Open Road Films","1.3%","136.4","5","5","2012"
"166","12","Fox Searchlight","1.1%","117.8","10","7","2012"
"167","13","CBS Films","0.8%","89.9","4","4","2012"
"168","14","FilmDistrict","0.7%","75.0","6","4","2012"
"169","15","Sony Classics","0.5%","50.0","24","16","2012"
"170","16","Rocky Mountain Pictures","0.3%","37.4","8","8","2012"
"171","17","Roadside Attractions","0.2%","19.4","11","10","2012"
"172","18","Magnolia","0.2%","16.5","37","32","2012"
"173","19","Summit Entertainment","0.1%","16.2","2","0","2012"
"174","20","Eros","0.1%","13.8","16","16","2012"
"175","21","IFC","0.1%","13.8","38","37","2012"
"176","22","Millennium Ent.","0.1%","11.3","9","9","2012"
"177","23","Samuel Goldwyn","0.1%","9.7","9","9","2012"
"178","24","Arc Entertainment","0.1%","9.2","3","3","2012"
"179","25","LD Entertainment","0.1%","8.8","2","2","2012"
"180","26","UTV Communications","0.1%","6.5","15","15","2012"
"181","27","Yash Raj","0.1%","5.4","3","3","2012"
"182","28","Oscilloscope Pictures","0.0%","5.1","9","8","2012"
"183","29","Paramount Vantage","0.0%","4.4","3","2","2012"
"184","30","National Geographic Entertainment","0.0%","4.0","1","1","2012"
"185","31","Music Box Films","0.0%","3.9","17","11","2012"
"186","32","Reliance Big Pictures","0.0%","3.6","2","1","2012"
"187","33","Atlas Distribution","0.0%","3.3","1","1","2012"
"188","34","3D Entertainment","0.0%","2.9","2","1","2012"
"189","35","Cohen Media Group","0.0%","2.7","4","4","2012"
"190","36","Imax","0.0%","2.3","4","0","2012"
"191","37","Entertainment One","0.0%","2.2","7","7","2012"
"192","38","Indomina Media","0.0%","1.9","4","4","2012"
"193","39","Branded/Peck Ent.","0.0%","1.8","1","1","2012"
"194","40","Shorts International","0.0%","1.7","1","1","2012"
"195","41","China Lion","0.0%","1.7","12","12","2012"
"196","42","ATO Pictures","0.0%","1.3","4","4","2012"
"197","43","CJ Entertainment","0.0%","1.3","3","3","2012"
"198","44","Kino Lorber","0.0%","1.2","23","20","2012"
"199","45","FIP","0.0%","1.2","1","1","2012"
"200","46","Codeblack Entertainment","0.0%","1.2","1","1","2012"
"201","47","Kenn Viselman Presents","0.0%","1.1","1","1","2012"
"202","48","Veracity","0.0%","1.0","1","1","2012"
"203","49","Anchor Bay Films","0.0%","997k","7","7","2012"
"204","50","Well Go USA","0.0%","937k","5","5","2012"
"205","51","Submarine Deluxe","0.0%","863k","4","2","2012"
"206","52","Variance Films","0.0%","827k","11","6","2012"
"207","53","Page 124 Productions","0.0%","769k","1","1","2012"
"208","54","Nocturnal Features","0.0%","763k","5","5","2012"
"209","55","Strand","0.0%","746k","18","16","2012"
"210","56","GKIDS","0.0%","678k","4","4","2012"
"211","57","Radius-TWC","0.0%","649k","5","5","2012"
"212","58","Zeitgeist","0.0%","620k","6","5","2012"
"213","59","Producers Distribution Agency","0.0%","479k","3","2","2012"
"214","60","Arenas Entertainment","0.0%","451k","1","0","2012"
"215","61","Cinema Guild","0.0%","419k","11","9","2012"
"216","62","International Film Circuit","0.0%","411k","7","5","2012"
"217","63","First Run","0.0%","398k","24","19","2012"
"218","64","Wrekin Hill","0.0%","382k","3","3","2012"
"219","65","Loki Films","0.0%","376k","1","1","2012"
"220","66","MPI Media Group","0.0%","364k","2","2","2012"
"221","67","Tribeca Film","0.0%","343k","12","12","2012"
"222","68","Drafthouse","0.0%","339k","5","5","2012"
"223","69","Eleven Arts","0.0%","311k","2","2","2012"
"224","70","Adopt Films","0.0%","306k","2","2","2012"
"225","71","Rialto","0.0%","303k","7","7","2012"
"226","72","Callbox LLC","0.0%","289k","1","1","2012"
"227","73","The Film Arcade","0.0%","286k","2","2","2012"
"228","74","Paladin/Unison","0.0%","256k","1","1","2012"
"229","75","Long Shot Factory","0.0%","251k","4","2","2012"
"230","76","AFFRM","0.0%","245k","2","2","2012"
"231","77","Janus Films","0.0%","244k","3","2","2012"
"232","78","Abramorama","0.0%","219k","2","2","2012"
"233","79","Area23a","0.0%","215k","5","4","2012"
"234","80","ArtAffects","0.0%","178k","1","1","2012"
"235","81","Cinedigm/Brian&Barrett","0.0%","172k","1","1","2012"
"236","82","Brainstorm and Double Hope","0.0%","166k","1","1","2012"
"237","83","Dada Films","0.0%","161k","5","3","2012"
"238","84","Zipporah Films","0.0%","158k","1","1","2012"
"239","85","New Yorker","0.0%","158k","2","2","2012"
"240","86","Indican","0.0%","157k","12","9","2012"
"241","87","Film Movement","0.0%","126k","8","6","2012"
"242","88","Screen Media","0.0%","117k","2","2","2012"
"243","89","Paladin","0.0%","114k","4","3","2012"
"244","90","Freestyle Releasing","0.0%","106k","3","3","2012"
"245","91","Alive Mind Cinema","0.0%","104k","6","2","2012"
"246","92","PMK*BNC","0.0%","104k","2","2","2012"
"247","93","In the Family","0.0%","102k","1","0","2012"
"248","94","The Film Desk","0.0%","98.6k","12","3","2012"
"249","95","Sycamore","0.0%","83.6k","1","1","2012"
"250","96","Cinedigm Entertainment","0.0%","82.2k","3","3","2012"
"251","97","Palisades Tartan","0.0%","75.5k","1","1","2012"
"252","98","Monterey Media, Inc.","0.0%","74.0k","6","6","2012"
"253","99","Hannover House","0.0%","73.2k","2","1","2012"
"254","100","Snagfilms","0.0%","61.7k","2","2","2012"
"255","101","Tyscot Manhaddon & Releve","0.0%","54.0k","1","1","2012"
"256","102","Flicker Alley","0.0%","53.0k","1","1","2012"
"257","103","S2BN Films","0.0%","47.7k","1","1","2012"
"258","104","Outsider Films","0.0%","47.0k","2","2","2012"
"259","105","Fisher-Klingenstein Films","0.0%","43.6k","1","1","2012"
"260","106","Kino Classics","0.0%","41.5k","2","0","2012"
"261","107","Slater Brothers","0.0%","36.5k","2","2","2012"
"262","108","NeoClassics Films","0.0%","35.7k","1","1","2012"
"263","109","Cinema Libre","0.0%","34.5k","3","2","2012"
"264","110","Brainstorm Media","0.0%","33.1k","2","2","2012"
"265","111","Joules Films","0.0%","30.7k","1","1","2012"
"266","112","Image Entertainment","0.0%","27.3k","2","2","2012"
"267","113","House Lights Media","0.0%","25.7k","2","2","2012"
"268","114","APD/Cinema Conservancy","0.0%","25.4k","2","2","2012"
"269","115","Cinema Conservancy","0.0%","24.7k","2","2","2012"
"270","116","Red Flag Releasing","0.0%","23.0k","2","2","2012"
"271","117","The Film Collaborative","0.0%","22.7k","2","2","2012"
"272","118","Better Than Something","0.0%","21.7k","1","1","2012"
"273","119","Pasidg Productions","0.0%","21.6k","1","1","2012"
"274","120","KKM","0.0%","20.5k","1","0","2012"
"275","121","Truly Indie","0.0%","19.1k","2","2","2012"
"276","122","Unknown","0.0%","18.9k","1","1","2012"
"277","123","Argot Pictures","0.0%","18.8k","2","2","2012"
"278","124","Outsider Pictures","0.0%","18.0k","1","1","2012"
"279","125","Gigapix Releasing","0.0%","18.0k","1","1","2012"
"280","126","Dutchmen Films","0.0%","16.0k","1","1","2012"
"281","127","Icarus Films","0.0%","14.7k","4","2","2012"
"282","128","GoDigital","0.0%","14.6k","1","1","2012"
"283","129","Epic Pictures","0.0%","14.4k","1","1","2012"
"284","130","Secret Identity","0.0%","14.1k","1","1","2012"
"285","131","Datari Turner Productions","0.0%","13.5k","1","1","2012"
"286","132","7A Productions","0.0%","13.1k","1","1","2012"
"287","133","Pro-Motion Pictures","0.0%","9.0k","1","1","2012"
"288","134","Pelican House","0.0%","8.6k","1","1","2012"
"289","135","Cinema Purgatorio","0.0%","6.1k","1","0","2012"
"290","136","Transparent/Outerstratosphere","0.0%","6.0k","1","1","2012"
"291","137","Docurama Films","0.0%","6.0k","1","0","2012"
"292","138","Driving With Our Eyes Shut","0.0%","5.5k","1","0","2012"
"293","139","Shotown Pictures","0.0%","4.8k","1","0","2012"
"294","140","Corinth/TV360","0.0%","3.8k","1","1","2012"
"295","141","Gravity Arch","0.0%","3.7k","1","1","2012"
"296","142","Breaking Glass Pictures","0.0%","3.2k","1","1","2012"
"297","143","AfterLight","0.0%","2.6k","1","1","2012"
"298","144","Cortelyou Films","0.0%","2.2k","1","1","2012"
"299","145","Worldplay","0.0%","2.1k","1","0","2012"
"300","146","Found-Charger Cinema","0.0%","2.1k","2","1","2012"
"301","147","Feature Presentations Releasing","0.0%","2.0k","1","1","2012"
"302","148","KimStim/Zeitgeist Films","0.0%","1.4k","1","1","2012"
"303","149","Kino","0.0%","0.7k","1","0","2012"
"304","1","Paramount","19.2%","1957.1","21","15","2011"
"305","2","Warner Bros.","17.9%","1826.2","38","26","2011"
"306","3","Sony / Columbia","12.5%","1273.7","28","23","2011"
"307","4","Buena Vista","12.2%","1240.7","17","14","2011"
"308","5","Universal","10.2%","1040.6","17","15","2011"
"309","6","20th Century Fox","9.6%","977.9","19","15","2011"
"310","7","Summit Entertainment","4.0%","411.6","10","8","2011"
"311","8","Weinstein Company","2.9%","296.1","17","15","2011"
"312","9","Relativity","2.2%","228.1","8","7","2011"
"313","10","Lionsgate","1.8%","184.0","15","12","2011"
"314","11","Fox Searchlight","1.5%","152.4","13","11","2011"
"315","12","Focus Features","1.2%","126.9","9","8","2011"
"316","13","FilmDistrict","1.2%","126.0","5","5","2011"
"317","14","Sony Classics","0.9%","90.2","25","17","2011"
"318","15","CBS Films","0.6%","57.4","3","2","2011"
"319","16","Roadside Attractions","0.3%","28.0","14","12","2011"
"320","17","Open Road Films","0.2%","25.1","1","1","2011"
"321","18","IFC","0.2%","17.6","45","41","2011"
"322","19","Eros","0.1%","11.2","14","14","2011"
"323","20","Codeblack Entertainment","0.1%","7.7","1","1","2011"
"324","21","Magnolia","0.1%","7.7","29","26","2011"
"325","22","Samuel Goldwyn","0.1%","6.5","8","8","2011"
"326","23","Reliance Big Pictures","0.1%","6.3","5","5","2011"
"327","24","Producers Distribution Agency","0.1%","5.8","2","2","2011"
"328","25","Rocky Mountain Pictures","0.0%","5.0","3","3","2011"
"329","26","3D Entertainment","0.0%","4.5","1","0","2011"
"330","27","Visio Entertainment","0.0%","4.4","1","1","2011"
"331","28","Music Box Films","0.0%","4.1","16","11","2011"
"332","29","UTV Communications","0.0%","3.5","10","9","2011"
"333","30","Paramount Vantage","0.0%","3.4","1","1","2011"
"334","31","Newmarket","0.0%","2.7","1","1","2011"
"335","32","Imax","0.0%","2.6","4","0","2011"
"336","33","Zeitgeist","0.0%","2.3","6","5","2011"
"337","34","National Geographic Entertainment","0.0%","1.9","8","6","2011"
"338","35","Quaker Media","0.0%","1.9","1","1","2011"
"339","36","Paladin","0.0%","1.8","6","6","2011"
"340","37","Anchor Bay Films","0.0%","1.6","9","9","2011"
"341","38","Freestyle Releasing","0.0%","1.6","7","7","2011"
"342","39","ATO Pictures","0.0%","1.5","2","1","2011"
"343","40","Oscilloscope Pictures","0.0%","1.4","10","7","2011"
"344","41","Shorts International","0.0%","1.4","1","1","2011"
"345","42","International Film Circuit","0.0%","1.3","7","5","2011"
"346","43","Omni Lab/Freestyle Releasing","0.0%","1.2","1","1","2011"
"347","44","SModcast Pictures","0.0%","1.1","1","1","2011"
"348","45","First Run","0.0%","1.0","17","15","2011"
"349","46","Variance Films","0.0%","1.0","16","14","2011"
"350","47","Abramorama","0.0%","995k","3","3","2011"
"351","48","Strand","0.0%","971k","18","14","2011"
"352","49","China Lion","0.0%","818k","11","9","2011"
"353","50","Pascack Media","0.0%","740k","1","1","2011"
"354","51","NeoClassics Films","0.0%","708k","1","1","2011"
"355","52","Cohen Media Group","0.0%","685k","2","2","2011"
"356","53","Kino","0.0%","663k","6","4","2011"
"357","54","KKM","0.0%","535k","1","1","2011"
"358","55","Vitagraph","0.0%","521k","2","2","2011"
"359","56","Bubble Distribution","0.0%","509k","1","1","2011"
"360","57","Yash Raj","0.0%","496k","1","1","2011"
"361","58","Nocturnal Features","0.0%","471k","4","4","2011"
"362","59","Indomina Media","0.0%","460k","1","1","2011"
"363","60","Cinema Guild","0.0%","433k","7","4","2011"
"364","61","CanZion Films","0.0%","423k","1","0","2011"
"365","62","Janus Films","0.0%","418k","1","1","2011"
"366","63","Hannover House","0.0%","418k","3","3","2011"
"367","64","Wrekin Hill","0.0%","383k","1","1","2011"
"368","65","Peace Film","0.0%","369k","1","1","2011"
"369","66","Lorber Films","0.0%","352k","13","9","2011"
"370","67","Screen Media","0.0%","342k","5","5","2011"
"371","68","Alive Mind Cinema","0.0%","319k","6","6","2011"
"372","69","Area23a","0.0%","313k","3","3","2011"
"373","70","Kino Classics","0.0%","309k","3","3","2011"
"374","71","Image Entertainment","0.0%","301k","4","4","2011"
"375","72","Rialto","0.0%","256k","4","4","2011"
"376","73","CJ Entertainment","0.0%","251k","1","1","2011"
"377","74","Submarine Deluxe","0.0%","249k","2","2","2011"
"378","75","Five & Two Pictures","0.0%","247k","2","1","2011"
"379","76","Dada Films","0.0%","233k","3","3","2011"
"380","77","Millennium Ent.","0.0%","213k","3","3","2011"
"381","78","Eleven Arts","0.0%","196k","2","2","2011"
"382","79","AFFRM","0.0%","171k","2","2","2011"
"383","80","Unknown","0.0%","159k","4","3","2011"
"384","81","Icarus Films","0.0%","156k","2","2","2011"
"385","82","Motion Film Group","0.0%","149k","1","1","2011"
"386","83","The Film Desk","0.0%","148k","11","5","2011"
"387","84","New Yorker","0.0%","131k","2","1","2011"
"388","85","Tribeca Film","0.0%","130k","3","3","2011"
"389","86","Cinema Purgatorio","0.0%","126k","5","2","2011"
"390","87","Phase 4","0.0%","123k","4","4","2011"
"391","88","Arc Entertainment","0.0%","116k","1","1","2011"
"392","89","Insurgent Releasing","0.0%","116k","1","1","2011"
"393","90","Film Movement","0.0%","112k","9","7","2011"
"394","91","Moving Pictures","0.0%","103k","1","1","2011"
"395","92","Monterey Media, Inc.","0.0%","98.7k","4","4","2011"
"396","93","Balcony Releasing","0.0%","97.2k","4","2","2011"
"397","94","Full Moon Pictures","0.0%","91.0k","1","1","2011"
"398","95","GKIDS","0.0%","88.4k","2","1","2011"
"399","96","Arthouse Films","0.0%","85.9k","1","0","2011"
"400","97","Truly Indie","0.0%","85.8k","3","3","2011"
"401","98","Saint Juste","0.0%","84.9k","1","0","2011"
"402","99","Drafthouse","0.0%","70.3k","1","0","2011"
"403","100","Life Sentence Films/mTuckman Media","0.0%","60.3k","1","1","2011"
"404","101","Indican","0.0%","59.8k","6","3","2011"
"405","102","Cinedigm Entertainment","0.0%","57.1k","2","2","2011"
"406","103","Kristin Marie Productions","0.0%","56.6k","1","1","2011"
"407","104","Argot Pictures","0.0%","56.3k","3","2","2011"
"408","105","Miramax","0.0%","54.3k","1","0","2011"
"409","106","Long Shot Factory","0.0%","53.7k","1","2","2011"
"410","107","The Film Collaborative","0.0%","52.9k","1","0","2011"
"411","108","Rocket Releasing","0.0%","49.8k","2","2","2011"
"412","109","Kino Lorber","0.0%","46.5k","3","3","2011"
"413","110","Crimson Films/PMK*BNC","0.0%","43.7k","1","1","2011"
"414","111","B.D. Fox","0.0%","41.9k","1","1","2011"
"415","112","Shotown Pictures","0.0%","40.4k","1","1","2011"
"416","113","108 Pics","0.0%","35.0k","1","1","2011"
"417","114","Docurama Films","0.0%","34.6k","1","1","2011"
"418","115","Corinth Films","0.0%","34.1k","1","1","2011"
"419","116","Category One","0.0%","27.0k","1","1","2011"
"420","117","The World According to Shorts","0.0%","23.2k","1","0","2011"
"421","118","Olive Films","0.0%","19.6k","1","1","2011"
"422","119","CrowdStarter","0.0%","19.1k","1","1","2011"
"423","120","Wolfe Releasing","0.0%","19.0k","1","0","2011"
"424","121","Rumur Releasing","0.0%","18.0k","1","1","2011"
"425","122","Alpha Galore","0.0%","15.8k","1","1","2011"
"426","123","Clay Way Media","0.0%","15.3k","1","0","2011"
"427","124","FilmDemic","0.0%","15.0k","1","1","2011"
"428","125","Maya Entertainment","0.0%","13.8k","1","1","2011"
"429","126","Tostie Productions","0.0%","13.1k","1","1","2011"
"430","127","PMK*BNC","0.0%","12.4k","1","1","2011"
"431","128","Fisher-Klingenstein Films","0.0%","12.1k","1","1","2011"
"432","129","Bigfoot Ascendant","0.0%","12.0k","1","1","2011"
"433","130","Check Entertainment","0.0%","11.0k","1","1","2011"
"434","131","Cinema Libre","0.0%","10.7k","3","3","2011"
"435","132","CAVU","0.0%","9.6k","1","1","2011"
"436","133","Worldplay","0.0%","9.5k","1","0","2011"
"437","134","Entertainment One","0.0%","6.0k","1","1","2011"
"438","135","Driving With Our Eyes Shut","0.0%","5.3k","2","1","2011"
"439","136","Kinobild Releasing","0.0%","5.2k","1","1","2011"
"440","137","Extra Butter","0.0%","4.0k","1","1","2011"
"441","138","The Nobelity Project","0.0%","3.5k","1","1","2011"
"442","139","AfterLight","0.0%","2.8k","1","1","2011"
"443","140","Embrem Entertainment","0.0%","1.7k","1","0","2011"
"444","141","Blackrock Films","0.0%","1.5k","1","1","2011"
"445","142","Trillian","0.0%","1.1k","1","0","2011"
"446","143","Breaking Glass Pictures","0.0%","1.0k","1","1","2011"
"447","144","Flicker Alley","0.0%","0.7k","1","0","2011"
"448","145","Found-Charger Cinema","0.0%","0.3k","1","1","2011"
"449","1","Warner Bros.","18.2%","1923.9","36","27","2010"
"450","2","Paramount","16.2%","1713.8","18","14","2010"
"451","3","20th Century Fox","14.0%","1482.2","20","17","2010"
"452","4","Buena Vista","13.8%","1456.4","17","14","2010"
"453","5","Sony / Columbia","12.1%","1282.9","23","18","2010"
"454","6","Universal","8.3%","882.0","18","15","2010"
"455","7","Summit Entertainment","5.0%","523.2","11","8","2010"
"456","8","Lionsgate","4.9%","516.1","16","14","2010"
"457","9","Fox Searchlight","1.4%","152.6","10","8","2010"
"458","10","Overture Films","0.8%","81.8","7","5","2010"
"459","11","Weinstein Company","0.8%","80.6","10","7","2010"
"460","12","Focus Features","0.7%","74.9","8","6","2010"
"461","13","CBS Films","0.7%","72.4","3","3","2010"
"462","14","Sony Classics","0.6%","62.9","26","20","2010"
"463","15","MGM/UA","0.5%","50.3","1","1","2010"
"464","16","Miramax","0.3%","28.0","2","2","2010"
"465","17","Music Box Films","0.2%","24.4","11","8","2010"
"466","18","Paramount Vantage","0.2%","20.4","3","3","2010"
"467","19","Apparition","0.1%","13.4","4","2","2010"
"468","20","Anchor Bay Films","0.1%","11.7","8","7","2010"
"469","21","Samuel Goldwyn","0.1%","11.1","7","7","2010"
"470","22","Roadside Attractions","0.1%","9.9","15","9","2010"
"471","23","IFC","0.1%","9.7","37","36","2010"
"472","24","Magnolia","0.1%","9.0","25","24","2010"
"473","25","Eros","0.1%","6.1","8","8","2010"
"474","26","Reliance Big Pictures","0.1%","6.1","5","4","2010"
"475","27","UTV Communications","0.1%","5.9","8","8","2010"
"476","28","Relativity","0.1%","5.6","1","1","2010"
"477","29","Imax","0.0%","4.6","3","0","2010"
"478","30","Freestyle Releasing","0.0%","4.1","11","8","2010"
"479","31","Producers Distribution Agency","0.0%","3.3","1","1","2010"
"480","32","Rogue Pictures","0.0%","3.2","1","1","2010"
"481","33","National Geographic Entertainment","0.0%","3.0","5","2","2010"
"482","34","Vivendi Entertainment","0.0%","2.8","1","1","2010"
"483","35","Oscilloscope Pictures","0.0%","1.9","10","9","2010"
"484","36","Screen Media","0.0%","1.9","4","3","2010"
"485","37","Zeitgeist","0.0%","1.5","7","5","2010"
"486","38","Kino","0.0%","1.5","7","7","2010"
"487","39","Bluff City Films","0.0%","1.4","1","1","2010"
"488","40","First Run","0.0%","1.1","18","15","2010"
"489","41","IndustryWorks","0.0%","1.0","1","1","2010"
"490","42","Shorts International","0.0%","1.0","1","1","2010"
"491","43","Newmarket","0.0%","961k","2","2","2010"
"492","44","Five & Two Pictures","0.0%","954k","2","1","2010"
"493","45","Lorber Films","0.0%","850k","12","10","2010"
"494","46","GKIDS","0.0%","686k","2","2","2010"
"495","47","Indican","0.0%","675k","13","11","2010"
"496","48","Strand","0.0%","539k","18","14","2010"
"497","49","Rocky Mountain Pictures","0.0%","532k","1","1","2010"
"498","50","CJ Entertainment","0.0%","528k","1","1","2010"
"499","51","8X Entertainment","0.0%","515k","1","1","2010"
"500","52","CanZion Films","0.0%","492k","1","1","2010"
"501","53","Rialto","0.0%","488k","2","2","2010"
"502","54","Cinema Guild","0.0%","478k","8","5","2010"
"503","55","3D Entertainment","0.0%","469k","1","1","2010"
"504","56","Variance Films","0.0%","426k","8","6","2010"
"505","57","Vitagraph","0.0%","403k","3","3","2010"
"506","58","First Look","0.0%","386k","3","2","2010"
"507","59","Abramorama","0.0%","367k","3","3","2010"
"508","60","China Lion","0.0%","365k","2","2","2010"
"509","61","Arthouse Films","0.0%","358k","2","2","2010"
"510","62","Blue Collar Releasing","0.0%","353k","1","1","2010"
"511","63","Unknown","0.0%","320k","5","2","2010"
"512","64","First Independent Pictures","0.0%","307k","2","1","2010"
"513","65","Paladin","0.0%","276k","5","5","2010"
"514","66","Hannover House","0.0%","249k","2","2","2010"
"515","67","Drafthouse","0.0%","234k","1","1","2010"
"516","68","Parallel Media","0.0%","224k","1","1","2010"
"517","69","Cinema Libre","0.0%","218k","3","2","2010"
"518","70","International Film Circuit","0.0%","217k","4","3","2010"
"519","71","7-57 Releasing","0.0%","211k","1","1","2010"
"520","72","Zipporah Films","0.0%","204k","2","1","2010"
"521","73","Flashlight","0.0%","189k","1","1","2010"
"522","74","ATO Pictures","0.0%","179k","1","1","2010"
"523","75","JS Media & Entertainment","0.0%","177k","1","1","2010"
"524","76","Balcony Releasing","0.0%","171k","3","3","2010"
"525","77","Monterey Media, Inc.","0.0%","168k","4","2","2010"
"526","78","Janus Films","0.0%","150k","1","1","2010"
"527","79","New Yorker","0.0%","148k","1","1","2010"
"528","80","The Film Desk","0.0%","142k","8","3","2010"
"529","81","New Films Cinema","0.0%","139k","1","1","2010"
"530","82","E1 Entertainment","0.0%","138k","1","1","2010"
"531","83","CFI Releasing","0.0%","116k","1","1","2010"
"532","84","Argot Pictures","0.0%","108k","3","3","2010"
"533","85","Cinema Purgatorio","0.0%","108k","7","7","2010"
"534","86","Worldplay","0.0%","107k","1","1","2010"
"535","87","Four of a Kind","0.0%","107k","1","1","2010"
"536","88","IndieVest Pictures","0.0%","103k","1","1","2010"
"537","89","Red Flag Releasing","0.0%","100k","1","1","2010"
"538","90","Regent Releasing","0.0%","98.0k","15","9","2010"
"539","91","Elephant Eye Films","0.0%","90.4k","1","0","2010"
"540","92","Moving Pictures Institute","0.0%","87.8k","1","1","2010"
"541","93","Mangusta Productions","0.0%","80.6k","2","2","2010"
"542","94","Film Movement","0.0%","73.8k","4","4","2010"
"543","95","Shadow Dist.","0.0%","66.8k","5","2","2010"
"544","96","Sky Island Films","0.0%","64.8k","1","0","2010"
"545","97","Truly Indie","0.0%","62.1k","2","2","2010"
"546","98","The Film Collaborative","0.0%","55.8k","1","1","2010"
"547","99","Wolfe Releasing","0.0%","55.8k","1","1","2010"
"548","100","Walking Shadows","0.0%","54.6k","1","1","2010"
"549","101","Eleven Arts","0.0%","54.0k","1","1","2010"
"550","102","Nocturnal Features","0.0%","53.3k","1","1","2010"
"551","103","Image Entertainment","0.0%","52.8k","2","2","2010"
"552","104","Grassroots Films","0.0%","52.3k","1","1","2010"
"553","105","Darius Films","0.0%","44.5k","1","1","2010"
"554","106","Yash Raj","0.0%","43.8k","1","1","2010"
"555","107","Milestone","0.0%","41.8k","1","1","2010"
"556","108","","0.0%","39.6k","4","0","2010"
"557","109","Phase 4","0.0%","33.4k","3","3","2010"
"558","110","International WOW","0.0%","30.8k","1","1","2010"
"559","111","Morning Star","0.0%","30.2k","1","1","2010"
"560","112","MAC Releasing","0.0%","29.7k","1","1","2010"
"561","113","New American Vision","0.0%","26.3k","1","1","2010"
"562","114","Ripple Effect Inc.","0.0%","25.1k","1","1","2010"
"563","115","Flicker Alley","0.0%","24.3k","1","1","2010"
"564","116","Olive Films","0.0%","23.6k","4","4","2010"
"565","117","Cabin Films","0.0%","22.5k","1","1","2010"
"566","118","Mountain Top Releasing","0.0%","19.8k","1","1","2010"
"567","119","People Pictures","0.0%","19.1k","1","1","2010"
"568","120","Artigo/Ajemian","0.0%","15.6k","1","1","2010"
"569","121","Delaware Pictures","0.0%","15.5k","1","1","2010"
"570","122","The World According to Shorts","0.0%","15.2k","1","1","2010"
"571","123","All Rise Films","0.0%","14.5k","1","1","2010"
"572","124","MPI Media Group","0.0%","13.5k","1","1","2010"
"573","125","Area23a","0.0%","13.0k","1","1","2010"
"574","126","Dada Films","0.0%","11.7k","1","1","2010"
"575","127","Embrem Entertainment","0.0%","11.6k","1","1","2010"
"576","128","Peaches Christ","0.0%","8.0k","1","1","2010"
"577","129","Real Bean","0.0%","7.0k","1","1","2010"
"578","130","TLA Releasing","0.0%","6.0k","1","1","2010"
"579","131","Winter Star","0.0%","5.7k","1","1","2010"
"580","132","Rockstone Releasing","0.0%","5.2k","1","1","2010"
"581","133","Saint Juste","0.0%","4.6k","1","1","2010"
"582","134","North Poplar Pictures","0.0%","3.8k","1","1","2010"
"583","135","Reel Diva Consultants","0.0%","2.0k","1","1","2010"
"584","136","Clay Way Media","0.0%","1.6k","1","1","2010"
"585","137","Driving With Our Eyes Shut","0.0%","1.5k","1","1","2010"
"586","138","Seven Arts Distribution","0.0%","0.9k","1","1","2010"
"587","139","Trillian","0.0%","0.1k","1","1","2010"
"588","1","Warner Bros.","19.8%","2105.7","37","28","2009"
"589","2","Paramount","13.9%","1476.1","16","13","2009"
"590","3","Sony / Columbia","13.7%","1456.2","24","21","2009"
"591","4","20th Century Fox","13.1%","1394.5","21","16","2009"
"592","5","Buena Vista","11.6%","1228.8","24","18","2009"
"593","6","Universal","8.4%","890.3","21","17","2009"
"594","7","Summit Entertainment","4.5%","482.5","11","9","2009"
"595","8","Lionsgate","3.8%","406.0","14","12","2009"
"596","9","Fox Searchlight","2.4%","257.1","12","9","2009"
"597","10","Weinstein Company","1.9%","205.3","10","8","2009"
"598","11","Focus Features","1.5%","161.5","10","9","2009"
"599","12","Overture Films","1.5%","157.8","8","6","2009"
"600","13","Paramount Vantage","0.6%","66.4","5","3","2009"
"601","14","MGM/UA","0.6%","65.2","5","1","2009"
"602","15","Miramax","0.6%","61.9","8","5","2009"
"603","16","Sony Classics","0.5%","48.7","27","20","2009"
"604","17","Rogue Pictures","0.2%","23.1","1","1","2009"
"605","18","Apparition","0.2%","16.5","4","4","2009"
"606","19","Freestyle Releasing","0.1%","12.7","7","6","2009"
"607","20","Magnolia","0.1%","12.6","28","25","2009"
"608","21","Roadside Attractions","0.1%","11.3","13","11","2009"
"609","22","IFC","0.1%","10.5","30","25","2009"
"610","23","IMAX","0.1%","8.0","5","0","2009"
"611","24","Eros","0.1%","6.2","6","6","2009"
"612","25","UTV Communications","0.0%","4.1","8","8","2009"
"613","26","Samuel Goldwyn","0.0%","3.8","9","8","2009"
"614","27","National Geographic Entertainment","0.0%","3.6","3","1","2009"
"615","28","Reliance Big Pictures","0.0%","3.3","1","1","2009"
"616","29","Regent Releasing","0.0%","2.6","18","11","2009"
"617","30","3D Entertainment","0.0%","2.0","1","0","2009"
"618","31","Story Island Entertainment","0.0%","2.0","1","1","2009"
"619","32","Oscilloscope Pictures","0.0%","2.0","7","6","2009"
"620","33","Yash Raj","0.0%","1.9","4","3","2009"
"621","34","Truly Indie","0.0%","1.8","5","5","2009"
"622","35","Music Box Films","0.0%","1.8","5","4","2009"
"623","36","Vivendi Entertainment","0.0%","1.6","3","3","2009"
"624","37","First Look","0.0%","1.4","1","1","2009"
"625","38","AdLabs","0.0%","1.4","8","7","2009"
"626","39","International Film Circuit","0.0%","1.3","4","4","2009"
"627","40","Five & Two Pictures","0.0%","1.2","1","1","2009"
"628","41","Indican","0.0%","1.1","6","5","2009"
"629","42","Slowhand Cinema","0.0%","872k","4","4","2009"
"630","43","Zeitgeist","0.0%","810k","12","9","2009"
"631","44","Screen Media","0.0%","801k","7","7","2009"
"632","45","8X Entertainment","0.0%","742k","1","1","2009"
"633","46","Strand","0.0%","740k","15","12","2009"
"634","47","Abramorama","0.0%","727k","4","4","2009"
"635","48","After Dark Films","0.0%","666k","1","1","2009"
"636","49","Studio 18","0.0%","660k","4","4","2009"
"637","50","Shorts International","0.0%","645k","1","1","2009"
"638","51","Vitagraph","0.0%","523k","2","2","2009"
"639","52","Cinema Guild","0.0%","523k","8","5","2009"
"640","53","American Zoetrope","0.0%","519k","1","1","2009"
"641","54","First Run","0.0%","488k","16","13","2009"
"642","55","Elephant Eye Films","0.0%","486k","1","1","2009"
"643","56","Shadow Dist.","0.0%","479k","4","4","2009"
"644","57","Anchor Bay Films","0.0%","473k","8","8","2009"
"645","58","Full Circle Releasing","0.0%","398k","1","1","2009"
"646","59","Zipporah Films","0.0%","395k","1","1","2009"
"647","60","Liberation Entertainment","0.0%","352k","2","1","2009"
"648","61","Variance Films","0.0%","338k","6","6","2009"
"649","62","First Independent Pictures","0.0%","336k","3","2","2009"
"650","63","Janus Films","0.0%","318k","2","1","2009"
"651","64","Cinedigm Entertainment","0.0%","315k","3","3","2009"
"652","65","Kino","0.0%","307k","7","3","2009"
"653","66","Senator Distribution","0.0%","300k","1","1","2009"
"654","67","Arthouse Films","0.0%","293k","3","3","2009"
"655","68","Rialto","0.0%","287k","5","4","2009"
"656","69","Balcony Releasing","0.0%","269k","3","1","2009"
"657","70","Argot Pictures","0.0%","228k","4","4","2009"
"658","71","","0.0%","202k","4","4","2009"
"659","72","Big Pictures","0.0%","199k","1","1","2009"
"660","73","Unknown","0.0%","176k","6","5","2009"
"661","74","Third Rail Releasing","0.0%","175k","2","2","2009"
"662","75","Image Entertainment","0.0%","168k","2","2","2009"
"663","76","Variance / Everest","0.0%","164k","1","1","2009"
"664","77","Koch Lorber Films","0.0%","164k","2","2","2009"
"665","78","Monterey Media, Inc.","0.0%","164k","10","9","2009"
"666","79","Maya Entertainment","0.0%","162k","5","4","2009"
"667","80","Peace Arch Entertainment","0.0%","142k","3","2","2009"
"668","81","The Film Desk","0.0%","136k","7","4","2009"
"669","82","Empire Film Group","0.0%","124k","1","1","2009"
"670","83","Hannover House","0.0%","124k","1","1","2009"
"671","84","Eleven Arts","0.0%","113k","2","2","2009"
"672","85","Paladin","0.0%","86.1k","2","2","2009"
"673","86","Lorber Films","0.0%","82.1k","4","4","2009"
"674","87","Palisades Tartan","0.0%","81.6k","2","2","2009"
"675","88","Cinema Libre","0.0%","65.0k","4","3","2009"
"676","89","Mitropoulos Films","0.0%","63.4k","2","2","2009"
"677","90","Emerging Pictures","0.0%","54.5k","1","1","2009"
"678","91","Audience Alliance","0.0%","54.1k","1","1","2009"
"679","92","21st Century Film Production","0.0%","50.1k","1","1","2009"
"680","93","Sky Island Films","0.0%","47.6k","1","1","2009"
"681","94","Wave Releasing","0.0%","47.1k","1","1","2009"
"682","95","Bev Pictures","0.0%","44.8k","1","1","2009"
"683","96","Speak Productions","0.0%","37.1k","1","0","2009"
"684","97","Corinth Films","0.0%","36.8k","1","1","2009"
"685","98","Mypheduh Films","0.0%","30.1k","1","1","2009"
"686","99","MSK Productions","0.0%","28.6k","1","1","2009"
"687","100","Trela Media","0.0%","27.1k","1","1","2009"
"688","101","ThinkFilm","0.0%","25.3k","1","0","2009"
"689","102","Roebuck Media","0.0%","24.4k","1","1","2009"
"690","103","New American Vision","0.0%","22.8k","1","1","2009"
"691","104","Embrem Entertainment","0.0%","18.5k","1","1","2009"
"692","105","Film Movement","0.0%","16.0k","1","1","2009"
"693","106","Aliquot Films","0.0%","11.8k","1","1","2009"
"694","107","Nocturnal Features","0.0%","11.4k","3","3","2009"
"695","108","Wildcat Releasing","0.0%","11.0k","1","1","2009"
"696","109","Mangusta Productions","0.0%","9.9k","1","1","2009"
"697","110","Inspired Life","0.0%","9.8k","1","1","2009"
"698","111","River Rain","0.0%","8.5k","1","0","2009"
"699","112","Fair Trade Pictures","0.0%","7.6k","1","0","2009"
"700","113","Tentmakers Entertainment","0.0%","6.8k","1","0","2009"
"701","114","Osiris Entertainment","0.0%","6.5k","1","1","2009"
"702","115","Sumbadhat Productions","0.0%","6.0k","1","1","2009"
"703","116","28 Entertainment","0.0%","4.3k","1","1","2009"
"704","117","Cavalier Films","0.0%","3.0k","1","0","2009"
"705","118","New Love Films","0.0%","2.6k","1","0","2009"
"706","119","Yeah","0.0%","1.0k","1","1","2009"
"707","1","Warner Bros.","18.4%","1767.3","30","20","2008"
"708","2","Paramount","16.4%","1577.0","17","14","2008"
"709","3","Sony / Columbia","13.2%","1267.2","23","20","2008"
"710","4","Universal","11.0%","1054.6","20","18","2008"
"711","5","20th Century Fox","10.5%","1014.3","24","20","2008"
"712","6","Buena Vista","10.5%","1011.7","18","13","2008"
"713","7","Lionsgate","4.5%","436.8","19","19","2008"
"714","8","Summit Entertainment","2.4%","226.5","5","5","2008"
"715","9","Fox Searchlight","2.2%","214.8","9","6","2008"
"716","10","MGM/UA","1.7%","160.8","18","12","2008"
"717","11","Focus Features","1.4%","138.9","7","5","2008"
"718","12","Overture Films","1.1%","103.1","8","8","2008"
"719","13","Miramax","0.8%","81.7","11","8","2008"
"720","14","Paramount Vantage","0.8%","81.1","12","8","2008"
"721","15","Picturehouse","0.7%","64.0","7","5","2008"
"722","16","Rogue Pictures","0.7%","63.6","2","2","2008"
"723","17","New Line","0.6%","62.5","4","3","2008"
"724","18","Weinstein Company","0.5%","48.8","10","7","2008"
"725","19","Samuel Goldwyn","0.4%","41.5","7","7","2008"
"726","20","Sony Classics","0.4%","41.1","24","19","2008"
"727","21","National Geographic Entertainment","0.3%","24.2","2","1","2008"
"728","22","Freestyle Releasing","0.2%","23.7","7","7","2008"
"729","23","Magnolia","0.1%","10.4","24","24","2008"
"730","24","IMAX","0.1%","10.3","6","1","2008"
"731","25","Roadside Attractions","0.1%","8.3","14","11","2008"
"732","26","Rocky Mountain Pictures","0.1%","8.1","2","2","2008"
"733","27","Vivendi Entertainment","0.1%","7.5","2","2","2008"
"734","28","Paramount Classics","0.1%","6.6","1","1","2008"
"735","29","Music Box Films","0.1%","6.5","4","4","2008"
"736","30","UTV Communications","0.1%","6.5","8","7","2008"
"737","31","ThinkFilm","0.1%","6.2","14","10","2008"
"738","32","IFC","0.1%","6.1","31","29","2008"
"739","33","3D Entertainment","0.1%","5.2","1","1","2008"
"740","34","Eros","0.1%","5.1","10","10","2008"
"741","35","Yash Raj","0.0%","4.8","6","6","2008"
"742","36","First Look","0.0%","2.9","8","7","2008"
"743","37","Warner Independent","0.0%","2.3","5","4","2008"
"744","38","Studio 18","0.0%","2.2","1","1","2008"
"745","39","Zeitgeist","0.0%","2.0","6","6","2008"
"746","40","AdLabs","0.0%","1.9","2","2","2008"
"747","41","Alliance","0.0%","1.7","6","5","2008"
"748","42","Third Rail Releasing","0.0%","1.6","8","8","2008"
"749","43","Strand","0.0%","1.5","12","8","2008"
"750","44","Emerging Pictures","0.0%","999k","14","12","2008"
"751","45","Candlelight Media Group","0.0%","882k","1","1","2008"
"752","46","City Lights Pictures Releasing","0.0%","854k","4","4","2008"
"753","47","Crane Movie Company","0.0%","720k","1","1","2008"
"754","48","Kino","0.0%","663k","12","12","2008"
"755","49","Peace Arch Entertainment","0.0%","610k","5","5","2008"
"756","50","Abramorama","0.0%","597k","5","4","2008"
"757","51","First Run","0.0%","569k","11","10","2008"
"758","52","International Film Circuit","0.0%","551k","3","2","2008"
"759","53","Logo Features","0.0%","533k","1","1","2008"
"760","54","Regent Releasing","0.0%","521k","30","25","2008"
"761","55","Film Movement","0.0%","493k","7","5","2008"
"762","56","SenArt/Scranton-Lacy Films","0.0%","488k","1","1","2008"
"763","57","Rialto","0.0%","460k","6","4","2008"
"764","58","Maya Entertainment","0.0%","392k","6","6","2008"
"765","59","Slowhand Cinema","0.0%","374k","3","3","2008"
"766","60","Yari Film Group","0.0%","360k","2","1","2008"
"767","61","First Independent Pictures","0.0%","328k","3","3","2008"
"768","62","Oscilloscope Pictures","0.0%","321k","5","5","2008"
"769","63","Indican","0.0%","319k","7","5","2008"
"770","64","Cinema Guild","0.0%","318k","5","5","2008"
"771","65","Elephant Eye Films","0.0%","299k","2","1","2008"
"772","66","N Wave","0.0%","287k","2","0","2008"
"773","67","Super Chief Films","0.0%","251k","1","1","2008"
"774","68","Koch Lorber Films","0.0%","237k","4","3","2008"
"775","69","Anchor Bay Films","0.0%","229k","7","7","2008"
"776","70","Arenas Entertainment","0.0%","225k","1","1","2008"
"777","71","Redwood Palms Pictures","0.0%","224k","1","1","2008"
"778","72","Fair Trade Pictures","0.0%","208k","1","1","2008"
"779","73","Mitropoulos Films","0.0%","189k","1","1","2008"
"780","74","Shadow Dist.","0.0%","176k","2","1","2008"
"781","75","Truly Indie","0.0%","174k","4","3","2008"
"782","76","Image Entertainment","0.0%","173k","1","1","2008"
"783","77","Vitagraph","0.0%","167k","3","3","2008"
"784","78","Balcony Releasing","0.0%","160k","6","4","2008"
"785","79","Unknown","0.0%","159k","6","6","2008"
"786","80","Tentmakers Entertainment","0.0%","156k","1","0","2008"
"787","81","Outsider Pictures","0.0%","152k","1","1","2008"
"788","82","Dark Coast Pictures","0.0%","145k","1","1","2008"
"789","83","New Yorker","0.0%","137k","6","5","2008"
"790","84","Empire","0.0%","132k","1","1","2008"
"791","85","Screen Media","0.0%","130k","4","4","2008"
"792","86","Shemaroo","0.0%","114k","1","1","2008"
"793","87","Monterey Media, Inc.","0.0%","109k","5","4","2008"
"794","88","TLA Releasing","0.0%","105k","1","1","2008"
"795","89","CAVU","0.0%","96.7k","2","2","2008"
"796","90","Palm","0.0%","94.0k","2","2","2008"
"797","91","Typecast Releasing","0.0%","89.7k","1","1","2008"
"798","92","Speak Productions","0.0%","86.7k","1","1","2008"
"799","93","Cinema Libre","0.0%","84.6k","5","5","2008"
"800","94","Five & Two Pictures","0.0%","84.1k","1","1","2008"
"801","95","Reel Diva Consultants","0.0%","79.9k","2","1","2008"
"802","96","The Film Desk","0.0%","78.6k","3","3","2008"
"803","97","Alluvial Film Company","0.0%","77.6k","1","1","2008"
"804","98","Magic Lamp","0.0%","74.4k","1","1","2008"
"805","99","Embrem Entertainment","0.0%","72.6k","1","1","2008"
"806","100","Film Sales Company","0.0%","71.7k","1","1","2008"
"807","101","Borotoro","0.0%","69.6k","1","0","2008"
"808","102","Xenon Pictures","0.0%","69.2k","1","1","2008"
"809","103","Stone Five Studios","0.0%","67.7k","1","1","2008"
"810","104","Eleven Arts","0.0%","60.9k","1","1","2008"
"811","105","InterPositive Media","0.0%","60.3k","1","1","2008"
"812","106","Myriad Pictures","0.0%","58.7k","1","1","2008"
"813","107","Priority Films","0.0%","58.4k","1","0","2008"
"814","108","Sidetrack Films","0.0%","56.4k","1","1","2008"
"815","109","Somerset Films","0.0%","51.1k","1","0","2008"
"816","110","Janus Films","0.0%","45.1k","2","2","2008"
"817","111","Waldo West Productions","0.0%","43.9k","1","1","2008"
"818","112","Hannover House","0.0%","42.2k","1","1","2008"
"819","113","Liberation Entertainment","0.0%","34.2k","3","3","2008"
"820","114","Cavalier Films","0.0%","31.1k","1","1","2008"
"821","115","Milestone","0.0%","30.9k","1","1","2008"
"822","116","Variance Films","0.0%","30.3k","1","1","2008"
"823","117","MCR Releasing","0.0%","29.8k","1","1","2008"
"824","118","Icarus Films","0.0%","28.8k","3","1","2008"
"825","119","Unison Films","0.0%","22.3k","1","1","2008"
"826","120","New Love Films","0.0%","20.8k","1","0","2008"
"827","121","Laemmle / Zeller Films","0.0%","20.4k","1","1","2008"
"828","122","Reel Source","0.0%","19.7k","1","1","2008"
"829","123","Menemsha","0.0%","19.3k","1","1","2008"
"830","124","Arts Alliance America","0.0%","18.6k","2","2","2008"
"831","125","North American Film Theatrical Corp","0.0%","17.2k","1","1","2008"
"832","126","David & Layla, LLC","0.0%","15.2k","1","0","2008"
"833","127","Anywhere Road","0.0%","14.3k","1","1","2008"
"834","128","Troma","0.0%","13.8k","1","1","2008"
"835","129","The Bigger Picture","0.0%","13.7k","3","3","2008"
"836","130","Mile End Films","0.0%","12.3k","1","1","2008"
"837","131","Mandt Bros. Productions","0.0%","12.0k","1","1","2008"
"838","132","Sky Island Films","0.0%","11.6k","1","1","2008"
"839","133","Lafayette Films","0.0%","10.3k","1","1","2008"
"840","134","River Rain","0.0%","9.8k","1","1","2008"
"841","135","Blowtorch Entertainment","0.0%","9.4k","1","1","2008"
"842","136","Diversa Films","0.0%","9.3k","1","0","2008"
"843","137","Direct Cinema Limited","0.0%","8.4k","1","1","2008"
"844","138","Engel Entertainment","0.0%","7.7k","1","1","2008"
"845","139","Warrior Poets Releasing","0.0%","6.8k","1","0","2008"
"846","140","Outsider Films","0.0%","6.7k","1","1","2008"
"847","141","Abkco Films","0.0%","6.2k","2","0","2008"
"848","142","Mountain Top Releasing","0.0%","5.4k","1","1","2008"
"849","143","Artistic License","0.0%","3.1k","1","1","2008"
"850","144","MPI Media Group","0.0%","2.6k","1","1","2008"
"851","145","Lantern Lane","0.0%","2.1k","1","1","2008"
"852","146","ImaginAsian Pictures","0.0%","1.0k","2","2","2008"
"853","147","Lavendar House Films","0.0%","0.6k","1","1","2008"
"854","1","Paramount","15.5%","1499.3","20","16","2007"
"855","2","Warner Bros.","14.7%","1417.4","34","24","2007"
"856","3","Buena Vista","14.0%","1350.2","21","13","2007"
"857","4","Sony / Columbia","12.9%","1245.6","31","25","2007"
"858","5","Universal","11.4%","1101.9","20","18","2007"
"859","6","20th Century Fox","10.5%","1017.7","24","16","2007"
"860","7","New Line","5.0%","487.5","17","13","2007"
"861","8","Lionsgate","3.8%","368.1","17","17","2007"
"862","9","MGM/UA","3.8%","366.2","29","19","2007"
"863","10","Fox Searchlight","1.4%","132.8","15","10","2007"
"864","11","Miramax","1.3%","126.1","10","8","2007"
"865","12","Rogue Pictures","0.8%","73.0","3","3","2007"
"866","13","Picturehouse","0.6%","60.6","9","8","2007"
"867","14","Paramount Vantage","0.6%","60.4","9","8","2007"
"868","15","Focus Features","0.5%","51.0","6","6","2007"
"869","16","Sony Classics","0.4%","38.9","23","18","2007"
"870","17","Weinstein Company","0.4%","37.0","12","9","2007"
"871","18","IDP","0.2%","22.5","8","7","2007"
"872","19","Warner Independent","0.2%","15.7","7","5","2007"
"873","20","Yari Film Group","0.2%","14.8","9","8","2007"
"874","21","Imax","0.2%","14.7","6","0","2007"
"875","22","Eros","0.1%","13.6","13","13","2007"
"876","23","Freestyle Releasing","0.1%","12.8","4","4","2007"
"877","24","Alliance","0.1%","12.0","17","13","2007"
"878","25","ThinkFilm","0.1%","11.4","26","21","2007"
"879","26","First Look","0.1%","10.7","8","6","2007"
"880","27","IFC","0.1%","9.3","33","30","2007"
"881","28","Roadside Attractions","0.1%","8.8","7","7","2007"
"882","29","N Wave","0.1%","8.6","3","0","2007"
"883","30","Chicago Pictures","0.1%","6.9","1","1","2007"
"884","31","Magnolia","0.1%","6.4","23","21","2007"
"885","32","After Dark Films","0.1%","6.4","6","6","2007"
"886","33","Sony BMG","0.1%","5.9","2","2","2007"
"887","34","National Geographic Entertainment","0.1%","5.8","1","1","2007"
"888","35","Samuel Goldwyn","0.1%","5.7","3","3","2007"
"889","36","The Bigger Picture","0.1%","5.3","6","6","2007"
"890","37","Summit Entertainment","0.0%","4.0","1","1","2007"
"891","38","Yash Raj","0.0%","3.9","7","5","2007"
"892","39","AdLabs","0.0%","2.1","2","2","2007"
"893","40","Slowhand Cinema","0.0%","1.5","7","6","2007"
"894","41","UTV Communications","0.0%","1.2","4","4","2007"
"895","42","Rocky Mountain Pictures","0.0%","1.1","4","4","2007"
"896","43","Zeitgeist","0.0%","1.1","5","2","2007"
"897","44","Kino","0.0%","892k","10","8","2007"
"898","45","Libero, LLC","0.0%","816k","1","0","2007"
"899","46","518 Media","0.0%","774k","2","1","2007"
"900","47","SK Films","0.0%","745k","1","0","2007"
"901","48","Excel","0.0%","717k","2","1","2007"
"902","49","Rialto","0.0%","652k","5","3","2007"
"903","50","ImaginAsian Pictures","0.0%","641k","1","1","2007"
"904","51","City Lights Pictures Releasing","0.0%","601k","4","4","2007"
"905","52","Tartan","0.0%","575k","5","4","2007"
"906","53","Shadow Dist.","0.0%","568k","4","4","2007"
"907","54","Borotoro","0.0%","488k","1","1","2007"
"908","55","Strand","0.0%","471k","22","16","2007"
"909","56","Janus Films","0.0%","456k","6","5","2007"
"910","57","Rainbow Films","0.0%","433k","2","1","2007"
"911","58","Milestone","0.0%","413k","2","2","2007"
"912","59","Indican","0.0%","406k","7","3","2007"
"913","60","First Run","0.0%","379k","12","9","2007"
"914","61","Newmarket","0.0%","365k","2","2","2007"
"915","62","Monterey Media, Inc.","0.0%","346k","4","4","2007"
"916","63","Koch Lorber Films","0.0%","346k","5","5","2007"
"917","64","New Yorker","0.0%","335k","9","7","2007"
"918","65","Emerging Pictures","0.0%","332k","6","6","2007"
"919","66","Arts Alliance America","0.0%","303k","1","1","2007"
"920","67","Palm","0.0%","298k","4","4","2007"
"921","68","Regent Releasing","0.0%","293k","11","9","2007"
"922","69","Vitagraph","0.0%","279k","2","2","2007"
"923","70","Vineyard Distribution","0.0%","278k","1","0","2007"
"924","71","8X Entertainment","0.0%","258k","1","1","2007"
"925","72","TLA Releasing","0.0%","246k","2","2","2007"
"926","73","TVA","0.0%","245k","1","1","2007"
"927","74","Anchor Bay Films","0.0%","244k","2","2","2007"
"928","75","Somerset Films","0.0%","241k","1","1","2007"
"929","76","International Film Circuit","0.0%","211k","8","7","2007"
"930","77","Film Sales Company","0.0%","200k","1","1","2007"
"931","78","Truly Indie","0.0%","194k","5","5","2007"
"932","79","Warrior Poets Releasing","0.0%","193k","1","1","2007"
"933","80","Balcony Releasing","0.0%","193k","3","3","2007"
"934","81","Luminous Velocity Releasing","0.0%","181k","2","2","2007"
"935","82","Rainbow Releasing","0.0%","171k","1","1","2007"
"936","83","Shemaroo","0.0%","166k","1","1","2007"
"937","84","Eleven Arts","0.0%","145k","2","2","2007"
"938","85","Arab Film Dist.","0.0%","140k","1","0","2007"
"939","86","Mountain Top Releasing","0.0%","139k","1","1","2007"
"940","87","Cinema Guild","0.0%","127k","3","2","2007"
"941","88","Abkco Films","0.0%","118k","2","1","2007"
"942","89","Priority Films","0.0%","108k","1","1","2007"
"943","90","David & Layla, LLC","0.0%","106k","1","1","2007"
"944","91","Wildcat Releasing","0.0%","105k","1","1","2007"
"945","92","Outsider Pictures","0.0%","99.0k","2","2","2007"
"946","93","Reel Diva Consultants","0.0%","98.9k","4","4","2007"
"947","94","Peace Arch Entertainment","0.0%","86.5k","1","1","2007"
"948","95","Codeblack Entertainment","0.0%","85.9k","2","2","2007"
"949","96","Gigantic Releasing","0.0%","63.3k","1","0","2007"
"950","97","First Independent Pictures","0.0%","61.9k","2","2","2007"
"951","98","7th Art","0.0%","60.2k","4","3","2007"
"952","99","Screen Media","0.0%","53.8k","4","4","2007"
"953","100","SeeThink Productions","0.0%","49.0k","1","1","2007"
"954","101","Tentmakers Entertainment","0.0%","45.5k","1","1","2007"
"955","102","Capricorn Distribution","0.0%","45.4k","1","1","2007"
"956","103","Xenon Pictures","0.0%","42.7k","2","2","2007"
"957","104","Tilapia Film","0.0%","41.6k","1","0","2007"
"958","105","Success Films","0.0%","39.2k","1","1","2007"
"959","106","Lucid Dreaming Inc.","0.0%","38.9k","1","1","2007"
"960","107","Elephant Eye Films","0.0%","37.1k","2","2","2007"
"961","108","Lifesize","0.0%","35.8k","3","3","2007"
"962","109","Halo8 Releasing","0.0%","34.0k","1","1","2007"
"963","110","Empire Film Group","0.0%","32.8k","1","1","2007"
"964","111","Reliance Films","0.0%","32.7k","1","1","2007"
"965","112","Icarus Films","0.0%","31.4k","7","6","2007"
"966","113","Cinema Libre","0.0%","30.1k","3","3","2007"
"967","114","First Stripe Productions","0.0%","29.7k","1","0","2007"
"968","115","Film Movement","0.0%","28.6k","2","2","2007"
"969","116","Gringo Wedding LLC","0.0%","26.9k","1","1","2007"
"970","117","Stand Up Films","0.0%","24.1k","1","1","2007"
"971","118","Movie Partners","0.0%","23.6k","1","1","2007"
"972","119","SchwarzSmith & Taskovski Films","0.0%","21.6k","1","1","2007"
"973","120","Reel Source","0.0%","20.8k","1","1","2007"
"974","121","Artistic License","0.0%","20.2k","1","1","2007"
"975","122","Big Sky Productions","0.0%","18.9k","1","1","2007"
"976","123","California Newsreel","0.0%","18.4k","1","0","2007"
"977","124","Pocket Releasing","0.0%","18.4k","1","1","2007"
"978","125","Artmattan Prods.","0.0%","17.5k","3","2","2007"
"979","126","Abramorama","0.0%","17.5k","1","1","2007"
"980","127","Either/Or Films","0.0%","16.9k","1","1","2007"
"981","128","New Love Films","0.0%","16.8k","1","1","2007"
"982","129","Lantern Lane","0.0%","15.8k","1","1","2007"
"983","130","600 West","0.0%","15.6k","1","1","2007"
"984","131","Sagewood Cinema Ventures","0.0%","15.0k","1","0","2007"
"985","132","Fox Meadows Films","0.0%","13.9k","1","1","2007"
"986","133","Wringing Hands Prods.","0.0%","12.9k","1","1","2007"
"987","134","Goodbye Cruel Releasing","0.0%","12.3k","1","0","2007"
"988","135","Argot Pictures","0.0%","12.2k","1","1","2007"
"989","136","Ariztical Entertainment","0.0%","11.7k","1","0","2007"
"990","137","Picture This!","0.0%","11.4k","1","1","2007"
"991","138","Cineville","0.0%","11.2k","2","1","2007"
"992","139","Magic Lamp","0.0%","10.5k","1","1","2007"
"993","140","Arthouse Films","0.0%","8.9k","1","1","2007"
"994","141","Laemmle / Zeller Films","0.0%","8.9k","1","1","2007"
"995","142","D Street Releasing","0.0%","8.3k","1","1","2007"
"996","143","Unknown","0.0%","8.0k","1","1","2007"
"997","144","Union Station","0.0%","8.0k","1","1","2007"
"998","145","Green Forest Films","0.0%","7.1k","1","1","2007"
"999","146","The Documentary Group","0.0%","6.8k","1","1","2007"
"1000","147","Red Envelope Entertainment","0.0%","6.7k","2","2","2007"
"1001","148","Radio London Films","0.0%","6.4k","1","1","2007"
"1002","149","Mitropoulos Films","0.0%","5.8k","2","2","2007"
"1003","150","Lonely Seal Releasing","0.0%","3.9k","1","1","2007"
"1004","151","Jung N Restless Films","0.0%","3.8k","1","1","2007"
"1005","152","Diversa Films","0.0%","3.6k","1","1","2007"
"1006","153","Facets","0.0%","3.0k","1","1","2007"
"1007","154","ArcAngelo Entertainment","0.0%","1.9k","1","1","2007"
"1008","155","Bullz Eye Productions","0.0%","1.5k","1","1","2007"
"1009","156","Outsider Films","0.0%","1.5k","1","1","2007"
"1010","157","Sky Island Films","0.0%","1.4k","1","1","2007"
"1011","1","Sony / Columbia","18.6%","1710.9","34","27","2006"
"1012","2","Buena Vista","16.2%","1492.6","25","19","2006"
"1013","3","20th Century Fox","15.2%","1398.4","28","24","2006"
"1014","4","Warner Bros.","11.6%","1065.8","27","21","2006"
"1015","5","Paramount","10.3%","947.3","19","16","2006"
"1016","6","Universal","8.9%","815.2","21","17","2006"
"1017","7","Lionsgate","3.6%","331.4","19","17","2006"
"1018","8","New Line","2.7%","251.5","13","10","2006"
"1019","9","Weinstein Company","2.5%","226.5","15","9","2006"
"1020","10","MGM/UA","1.8%","166.8","13","16","2006"
"1021","11","Fox Searchlight","1.8%","165.7","16","13","2006"
"1022","12","Focus Features","1.3%","118.5","9","7","2006"
"1023","13","Rogue Pictures","0.7%","65.4","4","4","2006"
"1024","14","Sony Classics","0.7%","60.4","24","17","2006"
"1025","15","Miramax","0.5%","45.9","9","9","2006"
"1026","16","Yari Film Group","0.4%","41.2","4","4","2006"
"1027","17","Warner Independent","0.3%","27.5","10","8","2006"
"1028","18","Paramount Classics","0.3%","26.9","4","4","2006"
"1029","19","Picturehouse","0.3%","23.9","7","6","2006"
"1030","20","DreamWorks SKG","0.2%","23.0","3","0","2006"
"1031","21","Freestyle Releasing","0.2%","20.0","9","9","2006"
"1032","22","Paramount Vantage","0.2%","19.8","1","1","2006"
"1033","23","Alliance","0.2%","18.0","7","8","2006"
"1034","24","IDP","0.2%","15.2","14","12","2006"
"1035","25","IMAX","0.2%","14.6","6","1","2006"
"1036","26","8X Entertainment","0.1%","13.4","1","1","2006"
"1037","27","Rocky Mountain Pictures","0.1%","12.1","5","5","2006"
"1038","28","Magnolia","0.1%","10.8","17","15","2006"
"1039","29","ThinkFilm","0.1%","10.7","25","21","2006"
"1040","30","Yash Raj","0.1%","8.3","4","4","2006"
"1041","31","IFC","0.1%","6.9","30","29","2006"
"1042","32","N Wave","0.1%","6.4","4","0","2006"
"1043","33","UTV Communications","0.1%","5.5","7","6","2006"
"1044","34","Eros","0.0%","4.4","9","9","2006"
"1045","35","Wingate Distribution","0.0%","3.1","1","1","2006"
"1046","36","First Look","0.0%","2.7","5","5","2006"
"1047","37","AdLabs","0.0%","2.6","4","4","2006"
"1048","38","Romar Entertainment","0.0%","2.4","1","1","2006"
"1049","39","Rainbow Films","0.0%","2.0","4","4","2006"
"1050","40","Cineville","0.0%","1.6","1","0","2006"
"1051","41","SK Films","0.0%","1.6","1","0","2006"
"1052","42","Slowhand Cinema","0.0%","1.2","7","5","2006"
"1053","43","Shadow Dist.","0.0%","1.2","7","2","2006"
"1054","44","Zeitgeist","0.0%","1.2","6","5","2006"
"1055","45","Koch Lorber Films","0.0%","1.1","4","3","2006"
"1056","46","TLA Releasing","0.0%","993k","7","5","2006"
"1057","47","Rialto","0.0%","957k","5","4","2006"
"1058","48","Libero, LLC","0.0%","890k","1","1","2006"
"1059","49","Excel","0.0%","710k","1","1","2006"
"1060","50","Palm","0.0%","706k","12","11","2006"
"1061","51","Ram Entertainment","0.0%","617k","1","1","2006"
"1062","52","First Run","0.0%","588k","13","9","2006"
"1063","53","Regent Releasing","0.0%","563k","12","11","2006"
"1064","54","Halestorm","0.0%","544k","2","2","2006"
"1065","55","Newmarket","0.0%","519k","1","1","2006"
"1066","56","Tartan","0.0%","488k","7","5","2006"
"1067","57","Strand","0.0%","472k","18","14","2006"
"1068","58","Echo Bridge Entertainment","0.0%","472k","1","1","2006"
"1069","59","Triumph","0.0%","464k","1","1","2006"
"1070","60","Indican","0.0%","447k","12","6","2006"
"1071","61","Kino","0.0%","426k","8","7","2006"
"1072","62","Cyan Pictures","0.0%","425k","2","2","2006"
"1073","63","ABS-CBN International","0.0%","417k","3","3","2006"
"1074","64","Cinema Guild","0.0%","400k","4","2","2006"
"1075","65","First Independent Pictures","0.0%","387k","5","4","2006"
"1076","66","Fabrication Films","0.0%","383k","2","1","2006"
"1077","67","Giant Screen Films","0.0%","377k","2","0","2006"
"1078","68","Truly Indie","0.0%","318k","8","8","2006"
"1079","69","International Film Circuit","0.0%","306k","5","4","2006"
"1080","70","Balcony Releasing","0.0%","295k","6","5","2006"
"1081","71","Silver Nitrate","0.0%","274k","1","1","2006"
"1082","72","Midnight Movies Entertainment","0.0%","271k","1","1","2006"
"1083","73","SenArt/Scranton-Lacy Films","0.0%","254k","1","1","2006"
"1084","74","The Bigger Picture","0.0%","253k","1","1","2006"
"1085","75","New Yorker","0.0%","245k","9","7","2006"
"1086","76","City Lights Pictures Releasing","0.0%","225k","2","2","2006"
"1087","77","Five & Two Pictures","0.0%","224k","1","1","2006"
"1088","78","120 Degree Films","0.0%","210k","1","1","2006"
"1089","79","Wellspring","0.0%","178k","6","2","2006"
"1090","80","Lovett Releasing","0.0%","160k","1","0","2006"
"1091","81","First Stripe Productions","0.0%","150k","1","1","2006"
"1092","82","Kindred Media Group","0.0%","147k","3","3","2006"
"1093","83","Picture This!","0.0%","143k","6","3","2006"
"1094","84","Cinema Libre","0.0%","141k","5","5","2006"
"1095","85","Bauer Martinez Distribution","0.0%","134k","2","2","2006"
"1096","86","Emerging Pictures","0.0%","120k","3","2","2006"
"1097","87","7th Art","0.0%","116k","2","2","2006"
"1098","88","Vineyard Distribution","0.0%","110k","1","0","2006"
"1099","89","Janus Films","0.0%","107k","1","1","2006"
"1100","90","518 Media","0.0%","100k","1","1","2006"
"1101","91","Goodbye Cruel Releasing","0.0%","91.2k","1","1","2006"
"1102","92","California Newsreel","0.0%","75.0k","1","1","2006"
"1103","93","Arab Film Dist.","0.0%","71.3k","4","3","2006"
"1104","94","Gigantic Releasing","0.0%","60.0k","1","1","2006"
"1105","95","Meadowbrook Pictures","0.0%","58.7k","1","0","2006"
"1106","96","Icarus Films","0.0%","55.9k","4","4","2006"
"1107","97","Gorilla Factory Productions","0.0%","55.4k","1","1","2006"
"1108","98","Reel Source","0.0%","53.6k","1","1","2006"
"1109","99","Maya Entertainment","0.0%","52.0k","1","1","2006"
"1110","100","Thread Cross Films","0.0%","47.2k","1","1","2006"
"1111","101","Vitagraph","0.0%","41.8k","1","1","2006"
"1112","102","Pasidg Productions","0.0%","40.8k","1","0","2006"
"1113","103","Screen Media","0.0%","38.9k","1","1","2006"
"1114","104","Films Philos","0.0%","36.6k","1","1","2006"
"1115","105","Millennium Films, Inc.","0.0%","36.0k","1","1","2006"
"1116","106","At Risk Films","0.0%","35.4k","1","1","2006"
"1117","107","Skouras","0.0%","34.8k","1","1","2006"
"1118","108","Women Make Movies","0.0%","33.3k","1","1","2006"
"1119","109","Aloha Releasing","0.0%","32.8k","4","4","2006"
"1120","110","Unico Entertainment","0.0%","28.0k","1","1","2006"
"1121","111","Ariztical Entertainment","0.0%","25.4k","1","1","2006"
"1122","112","Arrival Pictures","0.0%","23.7k","2","1","2006"
"1123","113","Quixotic Media","0.0%","22.9k","1","1","2006"
"1124","114","Screenland Films","0.0%","22.9k","1","1","2006"
"1125","115","Leisure Time","0.0%","20.5k","1","1","2006"
"1126","116","Skylight Pictures","0.0%","20.1k","1","1","2006"
"1127","117","Cinema Tropical","0.0%","19.8k","1","1","2006"
"1128","118","Mochary Films","0.0%","19.8k","1","1","2006"
"1129","119","Laemmle / Zeller Films","0.0%","17.9k","2","1","2006"
"1130","120","Abkco Films","0.0%","17.1k","1","1","2006"
"1131","121","Holedigger Studios","0.0%","15.6k","1","0","2006"
"1132","122","Fader Films","0.0%","15.0k","1","0","2006"
"1133","123","Sakura Production USA","0.0%","15.0k","1","1","2006"
"1134","124","HP Releasing","0.0%","14.8k","1","1","2006"
"1135","125","The 7th Floor","0.0%","14.8k","2","2","2006"
"1136","126","Rainbow Releasing","0.0%","12.6k","1","1","2006"
"1137","127","Sagewood Cinema Ventures","0.0%","11.8k","1","1","2006"
"1138","128","Tilapia Film","0.0%","11.8k","1","1","2006"
"1139","129","Newport Films","0.0%","11.0k","1","1","2006"
"1140","130","Delphi Film Foundation","0.0%","9.4k","1","1","2006"
"1141","131","Empire","0.0%","8.1k","1","0","2006"
"1142","132","Microangelo Entertainment","0.0%","7.8k","1","1","2006"
"1143","133","Roxie","0.0%","7.5k","1","1","2006"
"1144","134","The Disinformation Co.","0.0%","7.5k","1","1","2006"
"1145","135","Andes Film Company","0.0%","7.1k","1","1","2006"
"1146","136","Bill Plympton","0.0%","5.3k","1","1","2006"
"1147","137","Olive Films","0.0%","4.8k","1","1","2006"
"1148","138","Frontier Films","0.0%","4.8k","1","1","2006"
"1149","139","Castle Hill","0.0%","4.5k","1","1","2006"
"1150","140","Argot Pictures","0.0%","3.9k","1","1","2006"
"1151","141","Four Eyed Monsters","0.0%","3.1k","1","1","2006"
"1152","142","Unknown","0.0%","3.0k","1","1","2006"
"1153","143","Dog Lover's Symphony","0.0%","3.0k","1","1","2006"
"1154","144","ICA","0.0%","2.5k","1","1","2006"
"1155","145","Seventh Art","0.0%","2.2k","1","1","2006"
"1156","146","HB Filmworks","0.0%","2.2k","1","1","2006"
"1157","147","Artistic License","0.0%","2.2k","1","1","2006"
"1158","148","Movin' Picture Studios","0.0%","2.0k","1","1","2006"
"1159","149","Artmattan Prods.","0.0%","1.9k","1","1","2006"
"1160","150","Film Movement","0.0%","1.4k","1","1","2006"
"1161","151","Gold Circle","0.0%","1.3k","1","1","2006"
"1162","152","Luke Films","0.0%","1.1k","1","0","2006"
"1163","153","Oilrag Productions","0.0%","0.8k","1","1","2006"
"1164","154","Bullz Eye Productions","0.0%","0.8k","1","1","2006"
